{
  "1.0.0": "0.14.6",
  "1.0.1": "0.14.6",
  "1.1.1": "0.14.6",
  "1.2.1": "0.14.6",
  "1.3.0": "0.14.2",
  "1.4.0": "0.14.2",
  "1.4.1": "0.14.2",
  "1.5.0": "0.14.2",
  "1.5.1": "0.14.2",
  "1.6.0": "0.14.2",
  "1.7.0": "0.14.2",
  "1.7.1": "0.14.2",
  "2.0.0": "0.14.2",
  "2.0.1": "0.14.2",
  "2.1.0": "0.15.9",
  "2.1.1": "0.15.9",
  "2.2.0": "0.15.9",
  "2.4.0": "0.15.9",
  "2.5.0": "0.15.9",
  "2.6.0": "0.16.3",
  "2.7.0": "0.16.3",
  "2.7.1": "0.16.3",
  "2.8.0": "0.16.3",
  "2.9.0": "0.16.3"
}
